[{"model": "contenttypes.contenttype", "pk": 1, "fields": {"app_label": "admin", "model": "logentry"}}, {"model": "contenttypes.contenttype", "pk": 2, "fields": {"app_label": "auth", "model": "permission"}}, {"model": "contenttypes.contenttype", "pk": 3, "fields": {"app_label": "auth", "model": "group"}}, {"model": "contenttypes.contenttype", "pk": 4, "fields": {"app_label": "contenttypes", "model": "contenttype"}}, {"model": "contenttypes.contenttype", "pk": 5, "fields": {"app_label": "sessions", "model": "session"}}, {"model": "contenttypes.contenttype", "pk": 6, "fields": {"app_label": "reviews", "model": "category"}}, {"model": "contenttypes.contenttype", "pk": 7, "fields": {"app_label": "reviews", "model": "comment"}}, {"model": "contenttypes.contenttype", "pk": 8, "fields": {"app_label": "reviews", "model": "genre"}}, {"model": "contenttypes.contenttype", "pk": 9, "fields": {"app_label": "reviews", "model": "review"}}, {"model": "contenttypes.contenttype", "pk": 10, "fields": {"app_label": "reviews", "model": "title"}}, {"model": "contenttypes.contenttype", "pk": 11, "fields": {"app_label": "users", "model": "user"}}, {"model": "sessions.session", "pk": "9b2vnoeb960a4pebqa1hvud0vcz8n325", "fields": {"session_data": "NGY3ZmIwNDRkOTdkZmRlMzE0Yzg3NTZjODJjMTJlODZkYzM3YTc2ODp7Il9hdXRoX3VzZXJfaWQiOiIxIiwiX2F1dGhfdXNlcl9iYWNrZW5kIjoiZGphbmdvLmNvbnRyaWIuYXV0aC5iYWNrZW5kcy5Nb2RlbEJhY2tlbmQiLCJfYXV0aF91c2VyX2hhc2giOiI2ZDg5M2Q5ZjYyOGI2ZDNmMThmODUwYTExNjU1NDYxZmYyOTNiYWY2In0=", "expire_date": "2022-08-24T15:13:16.298Z"}}, {"model": "sessions.session", "pk": "r070nfgpsoqua0jzn5u9pl54f2f8rf32", "fields": {"session_data": "NGY3ZmIwNDRkOTdkZmRlMzE0Yzg3NTZjODJjMTJlODZkYzM3YTc2ODp7Il9hdXRoX3VzZXJfaWQiOiIxIiwiX2F1dGhfdXNlcl9iYWNrZW5kIjoiZGphbmdvLmNvbnRyaWIuYXV0aC5iYWNrZW5kcy5Nb2RlbEJhY2tlbmQiLCJfYXV0aF91c2VyX2hhc2giOiI2ZDg5M2Q5ZjYyOGI2ZDNmMThmODUwYTExNjU1NDYxZmYyOTNiYWY2In0=", "expire_date": "2022-08-24T15:11:51.698Z"}}, {"model": "sessions.session", "pk": "zdngp2bmthvl7uigbhdn7x2f1wk2v2sg", "fields": {"session_data": "NGY3ZmIwNDRkOTdkZmRlMzE0Yzg3NTZjODJjMTJlODZkYzM3YTc2ODp7Il9hdXRoX3VzZXJfaWQiOiIxIiwiX2F1dGhfdXNlcl9iYWNrZW5kIjoiZGphbmdvLmNvbnRyaWIuYXV0aC5iYWNrZW5kcy5Nb2RlbEJhY2tlbmQiLCJfYXV0aF91c2VyX2hhc2giOiI2ZDg5M2Q5ZjYyOGI2ZDNmMThmODUwYTExNjU1NDYxZmYyOTNiYWY2In0=", "expire_date": "2022-08-16T21:35:33.139Z"}}, {"model": "reviews.genre", "pk": 1, "fields": {"name": "naturalism", "slug": "naturalism"}}, {"model": "reviews.genre", "pk": 2, "fields": {"name": "novel", "slug": "novel"}}, {"model": "reviews.genre", "pk": 3, "fields": {"name": "comedy", "slug": "comedy"}}, {"model": "reviews.genre", "pk": 4, "fields": {"name": "satirical", "slug": "satirical"}}, {"model": "reviews.genre", "pk": 5, "fields": {"name": "epic", "slug": "epic"}}, {"model": "reviews.genre", "pk": 6, "fields": {"name": "historical", "slug": "historical"}}, {"model": "reviews.genre", "pk": 7, "fields": {"name": "war prose", "slug": "war"}}, {"model": "reviews.genre", "pk": 8, "fields": {"name": "Magic realism", "slug": "magic_realism"}}, {"model": "reviews.genre", "pk": 9, "fields": {"name": "drama", "slug": "drama"}}, {"model": "reviews.genre", "pk": 10, "fields": {"name": "Nu Metal", "slug": "numetal"}}, {"model": "reviews.genre", "pk": 11, "fields": {"name": "Rock", "slug": "rock"}}, {"model": "reviews.genre", "pk": 12, "fields": {"name": "alternative", "slug": "alternative"}}, {"model": "reviews.genre", "pk": 13, "fields": {"name": "Thresh Metal", "slug": "threshmetal"}}, {"model": "reviews.genre", "pk": 14, "fields": {"name": "Heavy Metal", "slug": "heavymetal"}}, {"model": "reviews.genre", "pk": 15, "fields": {"name": "Thriller", "slug": "thriller"}}, {"model": "reviews.genre", "pk": 16, "fields": {"name": "Detective Story", "slug": "detective"}}, {"model": "reviews.genre", "pk": 17, "fields": {"name": "The short story", "slug": "shortstory"}}, {"model": "reviews.genre", "pk": 18, "fields": {"name": "Gothic fiction", "slug": "gothicfiction"}}, {"model": "reviews.genre", "pk": 19, "fields": {"name": "Science fiction", "slug": "ScienceFiction"}}, {"model": "reviews.genre", "pk": 20, "fields": {"name": "Classic Music", "slug": "classicmusic"}}, {"model": "reviews.genre", "pk": 21, "fields": {"name": "RnB", "slug": "rnb"}}, {"model": "reviews.category", "pk": 1, "fields": {"name": "Music", "slug": "music"}}, {"model": "reviews.category", "pk": 2, "fields": {"name": "Books", "slug": "books"}}, {"model": "reviews.category", "pk": 3, "fields": {"name": "Movies", "slug": "movies"}}, {"model": "reviews.category", "pk": 4, "fields": {"name": "Series", "slug": "series"}}, {"model": "reviews.category", "pk": 5, "fields": {"name": "Computer games", "slug": "games"}}, {"model": "reviews.category", "pk": 6, "fields": {"name": "Fine Art", "slug": "fineart"}}, {"model": "reviews.title", "pk": 1, "fields": {"name": "An American Tragedy", "year": 1925, "description": "Theodore Dreiser's massive novel An American Tragedy was published in December 1925 in two volumes. Coming in the middle of Dreiser's long career, it was the first novel to earn him fame and wealth, though not the first to be controversial.", "category": 2, "genre": [2, 1]}}, {"model": "reviews.title", "pk": 2, "fields": {"name": "The Good Soldier \u0160vejk", "year": 1923, "description": "The Good Soldier \u0160vejk[a] (pronounced [\u02c8\u0283v\u025bjk]) is an unfinished satirical dark comedy novel by Czech writer Jaroslav Ha\u0161ek, published in 1921\u20131923, about a good-humored, simple-minded, middle-aged man who pretends to be enthusiastic to serve Austria-Hungary in World War I.\r\n\r\nThe Good Soldier \u0160vejk is the abbreviated title; the original Czech title of the work is Osudy dobr\u00e9ho voj\u00e1ka \u0160vejka za sv\u011btov\u00e9 v\u00e1lky, literally The Fateful Adventures of the Good Soldier \u0160vejk During the World War. The book is the most translated novel of Czech literature, having been translated into over 50 languages.", "category": 2, "genre": [4, 3]}}, {"model": "reviews.title", "pk": 3, "fields": {"name": "War and Peace", "year": 1869, "description": "War and Peace (Russian: \u0412\u043e\u0439\u043d\u0430 \u0438 \u043c\u0438\u0440, romanized: Voyna i mir; pre-reform Russian: \u0412\u043e\u0439\u043d\u0430 \u0438 \u043c\u0438\u0440\u044a; [v\u0250j\u02c8na i \u02c8m\u02b2ir]) is a literary work mixed with chapters on history and philosophy by the Russian author Leo Tolstoy. It was first published serially, then published in its entirety in 1869. It is regarded as one of Tolstoy's finest literary achievements and remains an internationally praised classic of world literature.[1][2][3]\r\n\r\nThe novel chronicles the French invasion of Russia and the impact of the Napoleonic era on Tsarist society through the stories of five Russian aristocratic families. Portions of an earlier version, titled The Year 1805,[4] were serialized in The Russian Messenger from 1865 to 1867 before the novel was published in its entirety in 1869.[5]\r\n\r\nTolstoy said that the best Russian literature does not conform to standards and hence hesitated to classify War and Peace, saying it is \"not a novel, even less is it a poem, and still less a historical chronicle\". Large sections, especially the later chapters, are philosophical discussions rather than narrative.[6] He regarded Anna Karenina as his first true novel.", "category": 2, "genre": [6, 5, 2]}}, {"model": "reviews.title", "pk": 4, "fields": {"name": "For Whom the Bell Tolls", "year": 1940, "description": "For Whom the Bell Tolls is a novel by Ernest Hemingway published in 1940. It tells the story of Robert Jordan, a young American volunteer attached to a Republican guerrilla unit during the Spanish Civil War. As a dynamiter, he is assigned to blow up a bridge during an attack on the city of Segovia.\r\n\r\nIt was published just after the end of the Spanish Civil War (1936\u20131939), whose general lines were well known at the time. It assumes the reader knows that the war was between the government of the Second Spanish Republic, which many foreigners went to Spain to help and which was supported by the Communist Soviet Union, and the Nationalist faction, which was supported by Nazi Germany and Fascist Italy. In 1940, the year the book was published, the United States had not yet entered the Second World War, which had begun on September 1, 1939, with Nazi Germany's invasion of Poland.[1]\r\n\r\nThe novel is regarded as one of Hemingway's best works, along with The Sun Also Rises, A Farewell to Arms, and The Old Man and the Sea.[2]", "category": 2, "genre": [7, 2]}}, {"model": "reviews.title", "pk": 5, "fields": {"name": "One Hundred Years of Solitude", "year": 1967, "description": "One Hundred Years of Solitude (Spanish: Cien a\u00f1os de soledad, American Spanish: [sjen \u02c8a\u0272oz \u00f0e sole\u02c8\u00f0a\u00f0]) is a 1967 novel by Colombian author Gabriel Garc\u00eda M\u00e1rquez that tells the multi-generational story of the Buend\u00eda family, whose patriarch, Jos\u00e9 Arcadio Buend\u00eda, founded the (fictitious) town of Macondo. The novel is often cited as one of the supreme achievements in literature.[1][2][3][4]\r\n\r\nThe magical realist style and thematic substance of One Hundred Years of Solitude established it as an important representative novel of the literary Latin American Boom of the 1960s and 1970s,[5] which was stylistically influenced by Modernism (European and North American) and the Cuban Vanguardia (Avant-Garde) literary movement.\r\n\r\nSince it was first published in May 1967 in Buenos Aires by Editorial Sudamericana, One Hundred Years of Solitude has been translated into 46 languages and sold more than 50 million copies.[6][7][8][9] The novel, considered Garc\u00eda M\u00e1rquez's magnum opus, remains widely acclaimed and is recognized as one of the most significant works both in the Hispanic literary canon[10] and in world literature.[1][3]", "category": 2, "genre": [9, 8, 3, 2]}}, {"model": "reviews.title", "pk": 6, "fields": {"name": "Untouchables", "year": 2002, "description": "Untouchables is the fifth studio album by American nu metal band Korn. The album was officially released on June 11, 2002 and featured the Grammy-winning single \"Here to Stay\". Untouchables debuted at number two on the Billboard 200 with 434,000 copies sold during its first week, second only to Eminem's The Eminem Show.[2] The album received positive reviews from music critics.[3] It was certified platinum on July 11, 2002,[4] and has sold at least 1.4 million copies in the United States.[5]", "category": 1, "genre": [12, 11, 10]}}, {"model": "reviews.title", "pk": 7, "fields": {"name": "Ride the Lightning", "year": 1991, "description": "Ride the Lightning is the second album by American thrash metal band Metallica . The album was recorded in Copenhagen in the spring of 1984 and was released on July 27 of that year. The lyrics on this album are mainly about death. The only single that was released is Creeping Death .\r\n\r\nIn the metal scene, this album was the breakthrough for Metallica. The breakthrough to the general public came in 1991 with The Black Album (\"Metallica\").", "category": 1, "genre": [14, 13, 11]}}, {"model": "reviews.title", "pk": 8, "fields": {"name": "Rear Window", "year": 1954, "description": "Rear Window is a 1954 American mystery thriller film directed by Alfred Hitchcock and written by John Michael Hayes based on Cornell Woolrich's 1942 short story \"It Had to Be Murder\". Originally released by Paramount Pictures, the film stars James Stewart, Grace Kelly, Wendell Corey, Thelma Ritter, and Raymond Burr. It was screened at the 1954 Venice Film Festival.\r\n\r\nThe film is considered by many filmgoers, critics, and scholars to be one of Hitchcock's best[4] and one of the greatest films ever made. It received four Academy Award nominations and was ranked number 42 on AFI's 100 Years...100 Movies list and number 48 on the 10th-anniversary edition, and in 1997 was added to the United States National Film Registry in the Library of Congress as being \"culturally, historically, or aesthetically significant\".[5][6]", "category": 3, "genre": [16, 15]}}, {"model": "reviews.title", "pk": 9, "fields": {"name": "Martin Eden", "year": 1909, "description": "Martin Eden is a 1909 novel by American author Jack London about a young proletarian autodidact struggling to become a writer. It was first serialized in The Pacific Monthly magazine from September 1908 to September 1909 and then published in book form by Macmillan in September 1909.", "category": 2, "genre": [9, 2, 1]}}, {"model": "reviews.title", "pk": 10, "fields": {"name": "The Grapes of Wrath", "year": 1939, "description": "The Grapes of Wrath is an American realist novel written by John Steinbeck and published in 1939.[2] The book won the National Book Award[3] and Pulitzer Prize[4] for fiction, and it was cited prominently when Steinbeck was awarded the Nobel Prize in 1962.", "category": 2, "genre": [9, 2, 1]}}, {"model": "reviews.title", "pk": 11, "fields": {"name": "Crime and Punishment", "year": 1866, "description": "Crime and Punishment is a novel by the Russian author Fyodor Dostoevsky. It is the second of Dostoevsky's full-length novels following his return from ten years of exile in Siberia. Crime and Punishment is considered the first great novel of his mature period of writing.[2] The novel is often cited as one of the supreme achievements in world literature.", "category": 2, "genre": [9, 2]}}, {"model": "reviews.title", "pk": 13, "fields": {"name": "Volokolamsk Highway", "year": 1944, "description": "Volokolamsk Highway is a novel written by Alexandr Bek, published in Russian in 1944, with later translations into English, Hebrew, Spanish, Chinese, German and many other languages during the 1940s and '50s. The novel, based on real events in October, 1941, during the Battle of Moscow, describes defensive fighting over several days by a single battalion of the 316th Rifle Division against elements of German Army Group Center. Both for its realism and for its practical advice on infantry tactics in modern war, Volokolamsk Highway became standard reading for junior officers in the Red Army and later Soviet Army, the forces of the arising State of Israel, and most socialist and revolutionary movements during the latter part of the 20th century. The novel has been out of print in English for several decades.", "category": 2, "genre": [7, 1]}}, {"model": "reviews.title", "pk": 14, "fields": {"name": "The Old Man and the Sea", "year": 1952, "description": "The Old Man and the Sea is a novella written by the American author Ernest Hemingway in 1951 in Cayo Blanco (Cuba), and published in 1952. It was the last major work of fiction written by Hemingway that was published during his lifetime. One of his most famous works, it tells the story of Santiago, an aging Cuban fisherman who struggles with a giant marlin far out in the Gulf Stream off the coast of Cuba.\r\n\r\nIn 1953, The Old Man and the Sea was awarded the Pulitzer Prize for Fiction, and it was cited by the Nobel Committee as contributing to their awarding of the Nobel Prize in Literature to Hemingway in 1954.", "category": 2, "genre": [17]}}, {"model": "reviews.title", "pk": 15, "fields": {"name": "The Picture of Dorian Gray", "year": 1890, "description": "he Picture of Dorian Gray is a philosophical novel by Irish writer Oscar Wilde. A shorter novella-length version was published in the July 1890 issue of the American periodical Lippincott's Monthly Magazine.The novel-length version was published in April 1891.\r\n\r\nThe story revolves around a portrait of Dorian Gray painted by Basil Hallward, a friend of Dorian's and an artist infatuated with Dorian's beauty. Through Basil, Dorian meets Lord Henry Wotton and is soon enthralled by the aristocrat's hedonistic worldview: that beauty and sensual fulfillment are the only things worth pursuing in life. Newly understanding that his beauty will fade, Dorian expresses the desire to sell his soul, to ensure that the picture, rather than he, will age and fade.", "category": 2, "genre": [18]}}, {"model": "reviews.title", "pk": 16, "fields": {"name": "Home Alone", "year": 1990, "description": "A 1990 American Christmas comedy film directed by Chris Columbus and written and produced by John Hughes. The first film in the Home Alone franchise, the film stars Macaulay Culkin, Joe Pesci, Daniel Stern, John Heard, and Catherine O'Hara. Culkin plays Kevin McCallister, a boy who defends his suburban Chicago home from burglars after his family accidentally leaves him behind on their Christmas vacation to Paris.", "category": 3, "genre": [3]}}, {"model": "reviews.title", "pk": 17, "fields": {"name": "Blade Runner", "year": 1982, "description": "A 1982 science fiction film directed by Ridley Scott, and adapted by Hampton Fancher and David Peoples. Starring Harrison Ford, Rutger Hauer, Sean Young, and Edward James Olmos, it is an adaptation of Philip K. Dick's 1968 novel Do Androids Dream of Electric Sheep? The film is set in a dystopian future Los Angeles of 2019, in which synthetic humans known as replicants are bio-engineered by the powerful Tyrell Corporation to work on space colonies. When a fugitive group of advanced replicants led by Roy Batty (Hauer) escapes back to Earth, burnt-out cop Rick Deckard (Ford) reluctantly agrees to hunt them down.", "category": 3, "genre": [19]}}, {"model": "reviews.title", "pk": 18, "fields": {"name": "A Cruel Romance", "year": 1984, "description": "A Cruel Romance is a 1984 Soviet romantic drama directed by Eldar Ryazanov. It is based on Alexander Ostrovsky's classic play Without a Dowry (1878), which had earlier been adapted into a film in 1937. The main female role was played by Larisa Guzeyeva in her cinematic debut.", "category": 3, "genre": [9, 1]}}, {"model": "reviews.title", "pk": 19, "fields": {"name": "Groundhog Day", "year": 1993, "description": "American fantasy comedy film directed by Harold Ramis, with a screenplay by him and Danny Rubin. It stars Bill Murray, Andie MacDowell, and Chris Elliott. Murray portrays Phil Connors, a cynical television weatherman covering the annual Groundhog Day event in Punxsutawney, Pennsylvania, who becomes trapped in a time loop, forcing him to relive February 2nd repeatedly.", "category": 3, "genre": [3]}}, {"model": "reviews.title", "pk": 20, "fields": {"name": "Moscow Does Not Believe in Tears", "year": 1980, "description": "Soviet romantic drama film made by Mosfilm. It was written by Valentin Chernykh and directed by Vladimir Menshov. The leading roles were played by Vera Alentova and Aleksey Batalov. The film won the Academy Award for Best Foreign Language Film in 1981.", "category": 3, "genre": [9, 3, 1]}}, {"model": "reviews.title", "pk": 21, "fields": {"name": "The Sleeping Beauty", "year": 1890, "description": "A ballet in a prologue and three acts, first performed in 1890. The music was composed by Pyotr Ilyich Tchaikovsky (Opus 66). The score was completed in 1889, and is the second of his three ballets. The original scenario was conceived by Ivan Vsevolozhsky, and is based on Charles Perrault's La Belle au bois dormant. The choreographer of the original production was Marius Petipa.", "category": 1, "genre": [20]}}, {"model": "reviews.title", "pk": 22, "fields": {"name": "Led Zeppelin IV", "year": 1971, "description": "The untitled fourth studio album by the English rock band Led Zeppelin, commonly known as Led Zeppelin IV, was released on 8 November 1971 by Atlantic Records. It was produced by guitarist Jimmy Page and recorded between December 1970 and February 1971, mostly in the country house Headley Grange. The album is notable for featuring \"Stairway to Heaven\", which has been described as the band's signature song.", "category": 1, "genre": [14, 11]}}, {"model": "reviews.title", "pk": 23, "fields": {"name": "I Am... Sasha Fierce", "year": 2008, "description": "the third studio album by American singer Beyonc\u00e9. It was released on November 12, 2008. In its original release, the album was formatted as a double album, intending to market Beyonc\u00e9's dichotomous artistic persona. The first disc I Am... contains slow and midtempo pop and R&B ballads, while the second, Sasha Fierce (named after Beyonc\u00e9's on-stage alter ego), focuses on more uptempo beats that blend electropop and Europop elements.", "category": 1, "genre": [21]}}, {"model": "reviews.title", "pk": 24, "fields": {"name": "Brand New Day", "year": 1999, "description": "The sixth solo studio album by British singer-songwriter Sting. Fueled heavily by the success of the second single, \"Desert Rose\" (which prominently features popular Algerian Ra\u00ef singer Cheb Mami), the album peaked at number nine on the Billboard 200 and sold over 3.5 million copies in the United States. Upon its release, Brand New Day was a critical and commercial success, and hailed as the triumphant return for Sting.", "category": 1, "genre": [11]}}, {"model": "reviews.title", "pk": 25, "fields": {"name": "Let Go", "year": 2002, "description": "The debut studio album by Canadian singer-songwriter Avril Lavigne. It was released on June 4, 2002. She relocated to Los Angeles, where she recorded her earlier materials for the album. Critics described Let Go as an alternative rock album with a post-grunge-oriented sound.", "category": 1, "genre": [12, 11]}}, {"model": "reviews.title", "pk": 26, "fields": {"name": "Among the Waves", "year": 1898, "description": "The vast majority of his works depict the sea, Aivazovsky National Art Gallery, Feodosia", "category": 6, "genre": [1]}}, {"model": "auth.permission", "pk": 1, "fields": {"name": "Can add log entry", "content_type": 1, "codename": "add_logentry"}}, {"model": "auth.permission", "pk": 2, "fields": {"name": "Can change log entry", "content_type": 1, "codename": "change_logentry"}}, {"model": "auth.permission", "pk": 3, "fields": {"name": "Can delete log entry", "content_type": 1, "codename": "delete_logentry"}}, {"model": "auth.permission", "pk": 4, "fields": {"name": "Can view log entry", "content_type": 1, "codename": "view_logentry"}}, {"model": "auth.permission", "pk": 5, "fields": {"name": "Can add permission", "content_type": 2, "codename": "add_permission"}}, {"model": "auth.permission", "pk": 6, "fields": {"name": "Can change permission", "content_type": 2, "codename": "change_permission"}}, {"model": "auth.permission", "pk": 7, "fields": {"name": "Can delete permission", "content_type": 2, "codename": "delete_permission"}}, {"model": "auth.permission", "pk": 8, "fields": {"name": "Can view permission", "content_type": 2, "codename": "view_permission"}}, {"model": "auth.permission", "pk": 9, "fields": {"name": "Can add group", "content_type": 3, "codename": "add_group"}}, {"model": "auth.permission", "pk": 10, "fields": {"name": "Can change group", "content_type": 3, "codename": "change_group"}}, {"model": "auth.permission", "pk": 11, "fields": {"name": "Can delete group", "content_type": 3, "codename": "delete_group"}}, {"model": "auth.permission", "pk": 12, "fields": {"name": "Can view group", "content_type": 3, "codename": "view_group"}}, {"model": "auth.permission", "pk": 13, "fields": {"name": "Can add content type", "content_type": 4, "codename": "add_contenttype"}}, {"model": "auth.permission", "pk": 14, "fields": {"name": "Can change content type", "content_type": 4, "codename": "change_contenttype"}}, {"model": "auth.permission", "pk": 15, "fields": {"name": "Can delete content type", "content_type": 4, "codename": "delete_contenttype"}}, {"model": "auth.permission", "pk": 16, "fields": {"name": "Can view content type", "content_type": 4, "codename": "view_contenttype"}}, {"model": "auth.permission", "pk": 17, "fields": {"name": "Can add session", "content_type": 5, "codename": "add_session"}}, {"model": "auth.permission", "pk": 18, "fields": {"name": "Can change session", "content_type": 5, "codename": "change_session"}}, {"model": "auth.permission", "pk": 19, "fields": {"name": "Can delete session", "content_type": 5, "codename": "delete_session"}}, {"model": "auth.permission", "pk": 20, "fields": {"name": "Can view session", "content_type": 5, "codename": "view_session"}}, {"model": "auth.permission", "pk": 21, "fields": {"name": "Can add \u041a\u0430\u0442\u0435\u0433\u043e\u0440\u0438\u044f", "content_type": 6, "codename": "add_category"}}, {"model": "auth.permission", "pk": 22, "fields": {"name": "Can change \u041a\u0430\u0442\u0435\u0433\u043e\u0440\u0438\u044f", "content_type": 6, "codename": "change_category"}}, {"model": "auth.permission", "pk": 23, "fields": {"name": "Can delete \u041a\u0430\u0442\u0435\u0433\u043e\u0440\u0438\u044f", "content_type": 6, "codename": "delete_category"}}, {"model": "auth.permission", "pk": 24, "fields": {"name": "Can view \u041a\u0430\u0442\u0435\u0433\u043e\u0440\u0438\u044f", "content_type": 6, "codename": "view_category"}}, {"model": "auth.permission", "pk": 25, "fields": {"name": "Can add \u041a\u043e\u043c\u043c\u0435\u043d\u0442\u0430\u0440\u0438\u0439", "content_type": 7, "codename": "add_comment"}}, {"model": "auth.permission", "pk": 26, "fields": {"name": "Can change \u041a\u043e\u043c\u043c\u0435\u043d\u0442\u0430\u0440\u0438\u0439", "content_type": 7, "codename": "change_comment"}}, {"model": "auth.permission", "pk": 27, "fields": {"name": "Can delete \u041a\u043e\u043c\u043c\u0435\u043d\u0442\u0430\u0440\u0438\u0439", "content_type": 7, "codename": "delete_comment"}}, {"model": "auth.permission", "pk": 28, "fields": {"name": "Can view \u041a\u043e\u043c\u043c\u0435\u043d\u0442\u0430\u0440\u0438\u0439", "content_type": 7, "codename": "view_comment"}}, {"model": "auth.permission", "pk": 29, "fields": {"name": "Can add \u0416\u0430\u043d\u0440", "content_type": 8, "codename": "add_genre"}}, {"model": "auth.permission", "pk": 30, "fields": {"name": "Can change \u0416\u0430\u043d\u0440", "content_type": 8, "codename": "change_genre"}}, {"model": "auth.permission", "pk": 31, "fields": {"name": "Can delete \u0416\u0430\u043d\u0440", "content_type": 8, "codename": "delete_genre"}}, {"model": "auth.permission", "pk": 32, "fields": {"name": "Can view \u0416\u0430\u043d\u0440", "content_type": 8, "codename": "view_genre"}}, {"model": "auth.permission", "pk": 33, "fields": {"name": "Can add \u041e\u0442\u0437\u044b\u0432", "content_type": 9, "codename": "add_review"}}, {"model": "auth.permission", "pk": 34, "fields": {"name": "Can change \u041e\u0442\u0437\u044b\u0432", "content_type": 9, "codename": "change_review"}}, {"model": "auth.permission", "pk": 35, "fields": {"name": "Can delete \u041e\u0442\u0437\u044b\u0432", "content_type": 9, "codename": "delete_review"}}, {"model": "auth.permission", "pk": 36, "fields": {"name": "Can view \u041e\u0442\u0437\u044b\u0432", "content_type": 9, "codename": "view_review"}}, {"model": "auth.permission", "pk": 37, "fields": {"name": "Can add \u041f\u0440\u043e\u0438\u0437\u0432\u0435\u0434\u0435\u043d\u0438\u0435", "content_type": 10, "codename": "add_title"}}, {"model": "auth.permission", "pk": 38, "fields": {"name": "Can change \u041f\u0440\u043e\u0438\u0437\u0432\u0435\u0434\u0435\u043d\u0438\u0435", "content_type": 10, "codename": "change_title"}}, {"model": "auth.permission", "pk": 39, "fields": {"name": "Can delete \u041f\u0440\u043e\u0438\u0437\u0432\u0435\u0434\u0435\u043d\u0438\u0435", "content_type": 10, "codename": "delete_title"}}, {"model": "auth.permission", "pk": 40, "fields": {"name": "Can view \u041f\u0440\u043e\u0438\u0437\u0432\u0435\u0434\u0435\u043d\u0438\u0435", "content_type": 10, "codename": "view_title"}}, {"model": "auth.permission", "pk": 41, "fields": {"name": "Can add user", "content_type": 11, "codename": "add_user"}}, {"model": "auth.permission", "pk": 42, "fields": {"name": "Can change user", "content_type": 11, "codename": "change_user"}}, {"model": "auth.permission", "pk": 43, "fields": {"name": "Can delete user", "content_type": 11, "codename": "delete_user"}}, {"model": "auth.permission", "pk": 44, "fields": {"name": "Can view user", "content_type": 11, "codename": "view_user"}}, {"model": "users.user", "pk": 1, "fields": {"password": "pbkdf2_sha256$150000$9X8RpwGAepVn$g2qa+eQD4WjGpzP3neouqegVVM85PaaoewLc2S5lUPU=", "last_login": "2022-08-10T15:13:16.295Z", "is_superuser": true, "username": "admin", "email": "admin@yamdb.ru", "is_active": true, "is_staff": true, "created_at": "2022-08-02T21:34:06.054Z", "updated_at": "2022-08-02T21:34:06.057Z", "confirmation_code": null, "first_name": null, "last_name": null, "bio": "", "role": "user", "groups": [], "user_permissions": []}}, {"model": "users.user", "pk": 2, "fields": {"password": "Practicum", "last_login": null, "is_superuser": false, "username": "gapa", "email": "gapa@yamdb.ru", "is_active": true, "is_staff": false, "created_at": "2022-08-06T16:06:30.034Z", "updated_at": "2022-08-06T16:06:30.034Z", "confirmation_code": "testcode", "first_name": "Gapochka", "last_name": "Gapaov", "bio": "just a simple gapa, nothing special", "role": "user", "groups": [], "user_permissions": []}}, {"model": "users.user", "pk": 3, "fields": {"password": "practicum", "last_login": null, "is_superuser": false, "username": "deckard", "email": "deckard@yamdb.ru", "is_active": true, "is_staff": false, "created_at": "2022-08-06T16:07:39.699Z", "updated_at": "2022-08-06T16:07:39.699Z", "confirmation_code": "testcode", "first_name": "Deckard", "last_name": "Deckardovski", "bio": "just a simple Deckard", "role": "user", "groups": [], "user_permissions": []}}, {"model": "users.user", "pk": 4, "fields": {"password": "Practicum", "last_login": null, "is_superuser": false, "username": "panda", "email": "panda@yamdb.ru", "is_active": true, "is_staff": false, "created_at": "2022-08-06T16:08:29.261Z", "updated_at": "2022-08-06T16:08:29.261Z", "confirmation_code": "testcode", "first_name": "Pandochka", "last_name": "Pandov", "bio": "just a simple panda", "role": "user", "groups": [], "user_permissions": []}}, {"model": "users.user", "pk": 5, "fields": {"password": "Practicum", "last_login": null, "is_superuser": false, "username": "ksiuha", "email": "ksiuha@ymadb.ru", "is_active": true, "is_staff": false, "created_at": "2022-08-06T16:20:48.133Z", "updated_at": "2022-08-06T16:20:48.133Z", "confirmation_code": "testcode", "first_name": "Ksiuha", "last_name": "Ksiuhina", "bio": "just a simple Ksiuha", "role": "user", "groups": [], "user_permissions": []}}, {"model": "reviews.comment", "pk": 1, "fields": {"author": 2, "pub_date": "2022-08-06T16:14:09.202Z", "review": 1, "text": "I do not fully agree with mister Panda, this time Jonathan Davies sings much better than the previous cd Issues. The songs \"No one there\" and \"Blame\" introduces new limits of JD's vocal which he has never reached before"}}, {"model": "reviews.comment", "pk": 2, "fields": {"author": 4, "pub_date": "2022-08-06T17:59:36.492Z", "review": 3, "text": "Definitely agree! I felt quite the same!"}}, {"model": "reviews.review", "pk": 1, "fields": {"author": 4, "pub_date": "2022-08-06T16:09:52.043Z", "score": 8, "title": 6, "text": "Good Drums and Bass guitar, but the vocal part leave much to be desired. Enjoyed this disk anyway"}}, {"model": "reviews.review", "pk": 2, "fields": {"author": 2, "pub_date": "2022-08-06T17:04:41.430Z", "score": 9, "title": 6, "text": "The best CD of KoRn I've ever herad. The album is a top of all the group work which combines raw expression and drive of first band releases with increased professionalism and overall maturity."}}, {"model": "reviews.review", "pk": 3, "fields": {"author": 5, "pub_date": "2022-08-06T17:58:30.075Z", "score": 9, "title": 8, "text": "The best appearance of Grace Kelly, i've ever seen in movies. That's hard to Imagine that Hitchkok makes suspense and tension just by demonstrating us two persons sitting in their flat, and staring through the window.  Hone hundred per cent worth watching"}}, {"model": "reviews.review", "pk": 4, "fields": {"author": 5, "pub_date": "2022-08-10T19:40:29.433Z", "score": 10, "title": 10, "text": "A magnificent novel by Steinbeck, deservedly awarded the Nobel Prize. It is impossible to read a novel and not experience that notorious wrath. The Great Depression faced by the residents of the United States turned out to be such a large-scale and terrible phenomenon that people lost everything overnight, entire families instantly found themselves without means of livelihood, entire cities were removed from their homes and migrated thousands of kilometers in search of at least some opportunity to survive. And the state system is so irrationally and unbalanced that no support was provided to people. In fact, the state has abandoned people to the mercy of fate, to the mercy of greedy owners."}}, {"model": "reviews.review", "pk": 5, "fields": {"author": 5, "pub_date": "2022-08-10T19:51:10.234Z", "score": 10, "title": 11, "text": "Dostoevsky's novel, with which most readers begin their acquaintance with the author. And either they fall in love with the writer forever, or they reject and hate - there are no indifferent people. A deep, psychological, scary, exciting, traumatic novel that does not give the reader a moment of peace and relaxation. No, reading this novel, as well as all of Dostoevsky's work, is work, it is a constant emotional swing, it is a test of your nervous system. A unique experience and feeling."}}, {"model": "reviews.review", "pk": 6, "fields": {"author": 5, "pub_date": "2022-08-10T20:15:18.003Z", "score": 10, "title": 13, "text": "Perhaps the pinnacle of Soviet military prose. The story is stylistically constructed like a conversation between a Red Army officer Baurjan MomyshUly and a war correspondent Alexandr Bek. The story strikes on the spot with its brutal honesty and at the same time real humanity. It is unnecessary to describe the plot - you just need to read it. Give the rest of the military prose a chance - read it to the Volokolamsk Highway."}}, {"model": "reviews.review", "pk": 7, "fields": {"author": 5, "pub_date": "2022-08-10T20:36:16.004Z", "score": 10, "title": 14, "text": "If I had to make a list of books with a unique and all-consuming atmosphere, \"The Old Man and the Sea\" would definitely be on this list. Hemingway managed to create an exciting story in which almost nothing seems to happen and at the same time the fate of a person is being decided. This is a story about the unity of Nature and Man, about the role of the latter in the food chain. The story seems to show at the same time what a person is capable of if he has physical strength and will, and how a person is weak and powerless against the elements, against the forces of nature. No matter how experienced and dexterous a person is, he can lose. And for such a poor sailor as the main character, such failures can be critical."}}, {"model": "reviews.review", "pk": 8, "fields": {"author": 5, "pub_date": "2022-08-10T20:52:13.116Z", "score": 9, "title": 15, "text": "A mystical, philosophical novel that raises a number of ethical and moral problems of mostly upper British society. We are witnessing the complete degradation of the once beautiful soul and body of a young man who will reach the bottom by the end of the work. And we, the readers, will be shocked by what is happening on the pages of the novel."}}, {"model": "reviews.review", "pk": 9, "fields": {"author": 5, "pub_date": "2022-08-10T21:09:16.976Z", "score": 10, "title": 9, "text": "Perhaps the best novel of London, based mainly on his own biography. The novel vividly and mercilessly illustrates what inhuman efforts must be made by a simple man in the street without connections, without a fortune to escape from the miserable conditions of existence in which he found himself at birth. Fortunately, the main character has the physical strength, health and will to achieve this almost unrealizable goal. But was it all worth such sacrifices?"}}, {"model": "reviews.review", "pk": 10, "fields": {"author": 5, "pub_date": "2022-08-11T13:29:52.810Z", "score": 8, "title": 16, "text": "A great family movie for New Year and Christmas holidays. Always immerses in the atmosphere of celebration and good mood. But it is only necessary to explain to children that all those pranks that the Culkin hero does are not harmless at all and can cripple a person, if not worse."}}, {"model": "reviews.review", "pk": 11, "fields": {"author": 5, "pub_date": "2022-08-11T13:44:35.020Z", "score": 9, "title": 17, "text": "The film is superbly shot, I want to separately note the work of the director of light. Light is a separate character of this movie. The world shown in the work is terrible, there is a monstrous stratification of society into poor and rich, and the human principle in people is almost obsolete. And it seems that good wins, but the viewer is left with the question \"where is the good here, and where is the evil?\"."}}, {"model": "reviews.review", "pk": 12, "fields": {"author": 5, "pub_date": "2022-08-11T13:56:54.785Z", "score": 9, "title": 18, "text": "The case when a movie is better than a book. The first foundation is a play by the Russian writer and playwright Alexander Ostrovsky, the frame of a theatrical production, on which Ryazanov put on flesh and clothes. The work shows how dependent and unenviable was the role of young penniless women in the 19th century. The acting works are great, the production is also on top."}}, {"model": "reviews.review", "pk": 13, "fields": {"author": 5, "pub_date": "2022-08-11T14:04:16.753Z", "score": 8, "title": 19, "text": "A great movie for a good cozy mood. For viewing on a winter evening, under a warm blanket with a cup of cocoa. The film is kind, funny, allows you to relax and drop out of everyday worries for a couple of hours."}}, {"model": "reviews.review", "pk": 14, "fields": {"author": 5, "pub_date": "2022-08-11T14:34:08.144Z", "score": 9, "title": 20, "text": "A two-part Soviet film showing in large strokes a slice of the life of Soviet society at the turn of 1970-1980. Three friends enter the Moscow Institute and we are watching how their fate will develop. The film is vital, honest, sincere. Shot with great love."}}, {"model": "reviews.review", "pk": 15, "fields": {"author": 5, "pub_date": "2022-08-11T16:46:57.141Z", "score": 9, "title": 21, "text": "A wonderful Tchaikovsky ballet, which became the musical accompaniment of the famous Disney cartoon of the same name."}}, {"model": "reviews.review", "pk": 16, "fields": {"author": 5, "pub_date": "2022-08-11T17:19:51.752Z", "score": 10, "title": 22, "text": "A great album of the band, which contains one of the most legendary compositions in the style of heavy blues \"When the Levee Breaks\"."}}, {"model": "reviews.review", "pk": 17, "fields": {"author": 5, "pub_date": "2022-08-11T19:45:53.245Z", "score": 7, "title": 23, "text": "An album from the golden era of Beyonce. The compositions from both parts give an idea of the strength and beauty of the singer's voice, and the lyrics are not yet overflowing with politics, acute social problems and aggressive sexuality, sometimes going beyond the edge."}}, {"model": "reviews.review", "pk": 18, "fields": {"author": 5, "pub_date": "2022-08-11T19:54:21.186Z", "score": 9, "title": 24, "text": "Reboot of Sting's creativity. The compositions included in the album can rightfully be attributed to the top of his music. The mega-popular \"Desert Rose\" is proof of that. And the song \"A Thousand Years\", though not so bright and exotic, but still not more legendary."}}, {"model": "reviews.review", "pk": 19, "fields": {"author": 5, "pub_date": "2022-08-11T20:04:57.701Z", "score": 10, "title": 25, "text": "The debut album of singer Avril Lavigne, with which she broke into the music industry, vividly declaring herself. The album is light, but still sometimes heavy tracks sound. The mood of the album is kind of summer and vacation."}}, {"model": "reviews.review", "pk": 20, "fields": {"author": 5, "pub_date": "2022-08-11T20:36:45.606Z", "score": 10, "title": 26, "text": "This picture is better than a photo."}}, {"model": "reviews.review", "pk": 21, "fields": {"author": 5, "pub_date": "2022-08-13T18:06:43.872Z", "score": 9, "title": 1, "text": "A novel from Dreiser's trilogy, showing all the ambiguity of the privilege of belonging to high society and big money."}}, {"model": "reviews.review", "pk": 22, "fields": {"author": 5, "pub_date": "2022-08-13T18:09:06.848Z", "score": 10, "title": 2, "text": "Hasek's epic, which would be worth crying over if it wasn't written so funny and ironic. The events of the early 20th century, described through the prism of great humor, with the introduction of even autobiographical plots."}}, {"model": "reviews.review", "pk": 23, "fields": {"author": 5, "pub_date": "2022-08-13T18:12:16.291Z", "score": 9, "title": 3, "text": "The most ambitious novel ever read. An epic novel about the events of the Napoleonic Wars in the direction of the Russian Empire. Battles, balls, blood, novels, pain, love, losses, heroism and betrayal - this novel has everything."}}, {"model": "admin.logentry", "pk": 1, "fields": {"action_time": "2022-08-02T21:36:03.457Z", "user": 1, "content_type": 6, "object_id": "1", "object_repr": "Music", "action_flag": 1, "change_message": "[{\"added\": {}}]"}}, {"model": "admin.logentry", "pk": 2, "fields": {"action_time": "2022-08-02T21:36:19.606Z", "user": 1, "content_type": 6, "object_id": "2", "object_repr": "Books", "action_flag": 1, "change_message": "[{\"added\": {}}]"}}, {"model": "admin.logentry", "pk": 3, "fields": {"action_time": "2022-08-02T21:36:31.060Z", "user": 1, "content_type": 6, "object_id": "3", "object_repr": "Movies", "action_flag": 1, "change_message": "[{\"added\": {}}]"}}, {"model": "admin.logentry", "pk": 4, "fields": {"action_time": "2022-08-02T21:36:38.496Z", "user": 1, "content_type": 6, "object_id": "4", "object_repr": "Series", "action_flag": 1, "change_message": "[{\"added\": {}}]"}}, {"model": "admin.logentry", "pk": 5, "fields": {"action_time": "2022-08-02T21:37:16.330Z", "user": 1, "content_type": 6, "object_id": "5", "object_repr": "Computer games", "action_flag": 1, "change_message": "[{\"added\": {}}]"}}, {"model": "admin.logentry", "pk": 6, "fields": {"action_time": "2022-08-02T21:42:00.692Z", "user": 1, "content_type": 8, "object_id": "1", "object_repr": "naturalism", "action_flag": 1, "change_message": "[{\"added\": {}}]"}}, {"model": "admin.logentry", "pk": 7, "fields": {"action_time": "2022-08-02T21:42:08.787Z", "user": 1, "content_type": 8, "object_id": "2", "object_repr": "novel", "action_flag": 1, "change_message": "[{\"added\": {}}]"}}, {"model": "admin.logentry", "pk": 8, "fields": {"action_time": "2022-08-02T21:42:21.400Z", "user": 1, "content_type": 10, "object_id": "1", "object_repr": "An American Tragedy", "action_flag": 1, "change_message": "[{\"added\": {}}]"}}, {"model": "admin.logentry", "pk": 9, "fields": {"action_time": "2022-08-02T21:45:34.408Z", "user": 1, "content_type": 8, "object_id": "3", "object_repr": "comedy", "action_flag": 1, "change_message": "[{\"added\": {}}]"}}, {"model": "admin.logentry", "pk": 10, "fields": {"action_time": "2022-08-02T21:45:45.863Z", "user": 1, "content_type": 8, "object_id": "4", "object_repr": "satirical", "action_flag": 1, "change_message": "[{\"added\": {}}]"}}, {"model": "admin.logentry", "pk": 11, "fields": {"action_time": "2022-08-02T21:45:52.611Z", "user": 1, "content_type": 10, "object_id": "2", "object_repr": "The Good Soldier \u0160vejk", "action_flag": 1, "change_message": "[{\"added\": {}}]"}}, {"model": "admin.logentry", "pk": 12, "fields": {"action_time": "2022-08-02T21:47:17.856Z", "user": 1, "content_type": 8, "object_id": "5", "object_repr": "epic", "action_flag": 1, "change_message": "[{\"added\": {}}]"}}, {"model": "admin.logentry", "pk": 13, "fields": {"action_time": "2022-08-02T21:47:33.515Z", "user": 1, "content_type": 8, "object_id": "6", "object_repr": "historical", "action_flag": 1, "change_message": "[{\"added\": {}}]"}}, {"model": "admin.logentry", "pk": 14, "fields": {"action_time": "2022-08-02T21:47:43.530Z", "user": 1, "content_type": 10, "object_id": "3", "object_repr": "War and Peace", "action_flag": 1, "change_message": "[{\"added\": {}}]"}}, {"model": "admin.logentry", "pk": 15, "fields": {"action_time": "2022-08-02T21:50:17.027Z", "user": 1, "content_type": 8, "object_id": "7", "object_repr": "war prose", "action_flag": 1, "change_message": "[{\"added\": {}}]"}}, {"model": "admin.logentry", "pk": 16, "fields": {"action_time": "2022-08-02T21:50:43.464Z", "user": 1, "content_type": 10, "object_id": "4", "object_repr": "For Whom the Bell Tolls", "action_flag": 1, "change_message": "[{\"added\": {}}]"}}, {"model": "admin.logentry", "pk": 17, "fields": {"action_time": "2022-08-02T21:53:25.474Z", "user": 1, "content_type": 8, "object_id": "8", "object_repr": "Magic realism", "action_flag": 1, "change_message": "[{\"added\": {}}]"}}, {"model": "admin.logentry", "pk": 18, "fields": {"action_time": "2022-08-02T21:53:42.064Z", "user": 1, "content_type": 8, "object_id": "9", "object_repr": "drama", "action_flag": 1, "change_message": "[{\"added\": {}}]"}}, {"model": "admin.logentry", "pk": 19, "fields": {"action_time": "2022-08-02T21:53:50.857Z", "user": 1, "content_type": 10, "object_id": "5", "object_repr": "One Hundred Years of Solitude", "action_flag": 1, "change_message": "[{\"added\": {}}]"}}, {"model": "admin.logentry", "pk": 20, "fields": {"action_time": "2022-08-02T21:55:22.890Z", "user": 1, "content_type": 8, "object_id": "10", "object_repr": "Nu Metal", "action_flag": 1, "change_message": "[{\"added\": {}}]"}}, {"model": "admin.logentry", "pk": 21, "fields": {"action_time": "2022-08-02T21:55:30.347Z", "user": 1, "content_type": 8, "object_id": "11", "object_repr": "Rock", "action_flag": 1, "change_message": "[{\"added\": {}}]"}}, {"model": "admin.logentry", "pk": 22, "fields": {"action_time": "2022-08-02T21:55:38.474Z", "user": 1, "content_type": 8, "object_id": "12", "object_repr": "alternative", "action_flag": 1, "change_message": "[{\"added\": {}}]"}}, {"model": "admin.logentry", "pk": 23, "fields": {"action_time": "2022-08-02T21:55:43.089Z", "user": 1, "content_type": 10, "object_id": "6", "object_repr": "Untouchables", "action_flag": 1, "change_message": "[{\"added\": {}}]"}}, {"model": "admin.logentry", "pk": 24, "fields": {"action_time": "2022-08-02T21:57:43.582Z", "user": 1, "content_type": 8, "object_id": "13", "object_repr": "Thresh Metal", "action_flag": 1, "change_message": "[{\"added\": {}}]"}}, {"model": "admin.logentry", "pk": 25, "fields": {"action_time": "2022-08-02T21:57:58.179Z", "user": 1, "content_type": 8, "object_id": "14", "object_repr": "Heavy Metal", "action_flag": 1, "change_message": "[{\"added\": {}}]"}}, {"model": "admin.logentry", "pk": 26, "fields": {"action_time": "2022-08-02T21:58:09.408Z", "user": 1, "content_type": 10, "object_id": "7", "object_repr": "Ride the Lightning", "action_flag": 1, "change_message": "[{\"added\": {}}]"}}, {"model": "admin.logentry", "pk": 27, "fields": {"action_time": "2022-08-06T16:06:30.042Z", "user": 1, "content_type": 11, "object_id": "2", "object_repr": "gapa", "action_flag": 1, "change_message": "[{\"added\": {}}]"}}, {"model": "admin.logentry", "pk": 28, "fields": {"action_time": "2022-08-06T16:07:39.704Z", "user": 1, "content_type": 11, "object_id": "3", "object_repr": "deckard", "action_flag": 1, "change_message": "[{\"added\": {}}]"}}, {"model": "admin.logentry", "pk": 29, "fields": {"action_time": "2022-08-06T16:08:29.265Z", "user": 1, "content_type": 11, "object_id": "4", "object_repr": "panda", "action_flag": 1, "change_message": "[{\"added\": {}}]"}}, {"model": "admin.logentry", "pk": 30, "fields": {"action_time": "2022-08-06T16:09:52.045Z", "user": 1, "content_type": 9, "object_id": "1", "object_repr": "Review object (1)", "action_flag": 1, "change_message": "[{\"added\": {}}]"}}, {"model": "admin.logentry", "pk": 31, "fields": {"action_time": "2022-08-06T16:14:09.203Z", "user": 1, "content_type": 7, "object_id": "1", "object_repr": "Comment object (1)", "action_flag": 1, "change_message": "[{\"added\": {}}]"}}, {"model": "admin.logentry", "pk": 32, "fields": {"action_time": "2022-08-06T16:20:48.138Z", "user": 1, "content_type": 11, "object_id": "5", "object_repr": "ksiuha", "action_flag": 1, "change_message": "[{\"added\": {}}]"}}, {"model": "admin.logentry", "pk": 33, "fields": {"action_time": "2022-08-06T17:04:41.431Z", "user": 1, "content_type": 9, "object_id": "2", "object_repr": "Review object (2)", "action_flag": 1, "change_message": "[{\"added\": {}}]"}}, {"model": "admin.logentry", "pk": 34, "fields": {"action_time": "2022-08-06T17:53:54.187Z", "user": 1, "content_type": 8, "object_id": "15", "object_repr": "Thriller", "action_flag": 1, "change_message": "[{\"added\": {}}]"}}, {"model": "admin.logentry", "pk": 35, "fields": {"action_time": "2022-08-06T17:54:12.120Z", "user": 1, "content_type": 8, "object_id": "16", "object_repr": "Detective Story", "action_flag": 1, "change_message": "[{\"added\": {}}]"}}, {"model": "admin.logentry", "pk": 36, "fields": {"action_time": "2022-08-06T17:54:27.089Z", "user": 1, "content_type": 10, "object_id": "8", "object_repr": "Rear Window", "action_flag": 1, "change_message": "[{\"added\": {}}]"}}, {"model": "admin.logentry", "pk": 37, "fields": {"action_time": "2022-08-06T17:58:30.075Z", "user": 1, "content_type": 9, "object_id": "3", "object_repr": "Review object (3)", "action_flag": 1, "change_message": "[{\"added\": {}}]"}}, {"model": "admin.logentry", "pk": 38, "fields": {"action_time": "2022-08-06T17:59:36.493Z", "user": 1, "content_type": 7, "object_id": "2", "object_repr": "Comment object (2)", "action_flag": 1, "change_message": "[{\"added\": {}}]"}}, {"model": "admin.logentry", "pk": 39, "fields": {"action_time": "2022-08-06T18:06:21.946Z", "user": 1, "content_type": 6, "object_id": "6", "object_repr": "Fine Art", "action_flag": 1, "change_message": "[{\"added\": {}}]"}}, {"model": "admin.logentry", "pk": 40, "fields": {"action_time": "2022-08-10T19:14:40.813Z", "user": 1, "content_type": 10, "object_id": "9", "object_repr": "\"Martin Eden\"", "action_flag": 1, "change_message": "[{\"added\": {}}]"}}, {"model": "admin.logentry", "pk": 41, "fields": {"action_time": "2022-08-10T19:25:49.331Z", "user": 1, "content_type": 10, "object_id": "10", "object_repr": "The Grapes of Wrath", "action_flag": 1, "change_message": "[{\"added\": {}}]"}}, {"model": "admin.logentry", "pk": 42, "fields": {"action_time": "2022-08-10T19:38:53.396Z", "user": 1, "content_type": 10, "object_id": "9", "object_repr": "Martin Eden", "action_flag": 2, "change_message": "[{\"changed\": {\"fields\": [\"name\"]}}]"}}, {"model": "admin.logentry", "pk": 43, "fields": {"action_time": "2022-08-10T19:40:29.434Z", "user": 1, "content_type": 9, "object_id": "4", "object_repr": "The Grapes of Wrath_ksiuha", "action_flag": 1, "change_message": "[{\"added\": {}}]"}}, {"model": "admin.logentry", "pk": 44, "fields": {"action_time": "2022-08-10T19:45:06.812Z", "user": 1, "content_type": 10, "object_id": "11", "object_repr": "Crime and Punishment", "action_flag": 1, "change_message": "[{\"added\": {}}]"}}, {"model": "admin.logentry", "pk": 45, "fields": {"action_time": "2022-08-10T19:51:10.234Z", "user": 1, "content_type": 9, "object_id": "5", "object_repr": "Crime and Punishment_ksiuha", "action_flag": 1, "change_message": "[{\"added\": {}}]"}}, {"model": "admin.logentry", "pk": 46, "fields": {"action_time": "2022-08-10T19:57:33.605Z", "user": 1, "content_type": 10, "object_id": "12", "object_repr": "Volokolamsk Highway", "action_flag": 1, "change_message": "[{\"added\": {}}]"}}, {"model": "admin.logentry", "pk": 47, "fields": {"action_time": "2022-08-10T19:57:47.882Z", "user": 1, "content_type": 10, "object_id": "13", "object_repr": "Volokolamsk Highway", "action_flag": 1, "change_message": "[{\"added\": {}}]"}}, {"model": "admin.logentry", "pk": 48, "fields": {"action_time": "2022-08-10T20:15:18.004Z", "user": 1, "content_type": 9, "object_id": "6", "object_repr": "Volokolamsk Highway_ksiuha", "action_flag": 1, "change_message": "[{\"added\": {}}]"}}, {"model": "admin.logentry", "pk": 49, "fields": {"action_time": "2022-08-10T20:16:02.157Z", "user": 1, "content_type": 10, "object_id": "12", "object_repr": "Volokolamsk Highway", "action_flag": 3, "change_message": ""}}, {"model": "admin.logentry", "pk": 50, "fields": {"action_time": "2022-08-10T20:25:43.887Z", "user": 1, "content_type": 8, "object_id": "17", "object_repr": "The short story", "action_flag": 1, "change_message": "[{\"added\": {}}]"}}, {"model": "admin.logentry", "pk": 51, "fields": {"action_time": "2022-08-10T20:25:54.243Z", "user": 1, "content_type": 10, "object_id": "14", "object_repr": "The Old Man and the Sea", "action_flag": 1, "change_message": "[{\"added\": {}}]"}}, {"model": "admin.logentry", "pk": 52, "fields": {"action_time": "2022-08-10T20:36:16.005Z", "user": 1, "content_type": 9, "object_id": "7", "object_repr": "The Old Man and the Sea_ksiuha", "action_flag": 1, "change_message": "[{\"added\": {}}]"}}, {"model": "admin.logentry", "pk": 53, "fields": {"action_time": "2022-08-10T20:45:59.110Z", "user": 1, "content_type": 8, "object_id": "18", "object_repr": "Gothic fiction", "action_flag": 1, "change_message": "[{\"added\": {}}]"}}, {"model": "admin.logentry", "pk": 54, "fields": {"action_time": "2022-08-10T20:46:03.965Z", "user": 1, "content_type": 10, "object_id": "15", "object_repr": "The Picture of Dorian Gray", "action_flag": 1, "change_message": "[{\"added\": {}}]"}}, {"model": "admin.logentry", "pk": 55, "fields": {"action_time": "2022-08-10T20:52:13.116Z", "user": 1, "content_type": 9, "object_id": "8", "object_repr": "The Picture of Dorian Gray_ksiuha", "action_flag": 1, "change_message": "[{\"added\": {}}]"}}, {"model": "admin.logentry", "pk": 56, "fields": {"action_time": "2022-08-10T20:59:46.173Z", "user": 1, "content_type": 9, "object_id": "4", "object_repr": "The Grapes of Wrath_ksiuha", "action_flag": 2, "change_message": "[{\"changed\": {\"fields\": [\"text\"]}}]"}}, {"model": "admin.logentry", "pk": 57, "fields": {"action_time": "2022-08-10T21:09:16.976Z", "user": 1, "content_type": 9, "object_id": "9", "object_repr": "Martin Eden_ksiuha", "action_flag": 1, "change_message": "[{\"added\": {}}]"}}, {"model": "admin.logentry", "pk": 58, "fields": {"action_time": "2022-08-11T13:26:47.764Z", "user": 1, "content_type": 10, "object_id": "16", "object_repr": "Home Alone", "action_flag": 1, "change_message": "[{\"added\": {}}]"}}, {"model": "admin.logentry", "pk": 59, "fields": {"action_time": "2022-08-11T13:29:52.811Z", "user": 1, "content_type": 9, "object_id": "10", "object_repr": "Home Alone_ksiuha", "action_flag": 1, "change_message": "[{\"added\": {}}]"}}, {"model": "admin.logentry", "pk": 60, "fields": {"action_time": "2022-08-11T13:34:58.303Z", "user": 1, "content_type": 8, "object_id": "19", "object_repr": "Science fiction", "action_flag": 1, "change_message": "[{\"added\": {}}]"}}, {"model": "admin.logentry", "pk": 61, "fields": {"action_time": "2022-08-11T13:35:01.492Z", "user": 1, "content_type": 10, "object_id": "17", "object_repr": "Blade Runner", "action_flag": 1, "change_message": "[{\"added\": {}}]"}}, {"model": "admin.logentry", "pk": 62, "fields": {"action_time": "2022-08-11T13:44:35.021Z", "user": 1, "content_type": 9, "object_id": "11", "object_repr": "Blade Runner_ksiuha", "action_flag": 1, "change_message": "[{\"added\": {}}]"}}, {"model": "admin.logentry", "pk": 63, "fields": {"action_time": "2022-08-11T13:51:42.717Z", "user": 1, "content_type": 10, "object_id": "18", "object_repr": "A Cruel Romance", "action_flag": 1, "change_message": "[{\"added\": {}}]"}}, {"model": "admin.logentry", "pk": 64, "fields": {"action_time": "2022-08-11T13:56:54.785Z", "user": 1, "content_type": 9, "object_id": "12", "object_repr": "A Cruel Romance_ksiuha", "action_flag": 1, "change_message": "[{\"added\": {}}]"}}, {"model": "admin.logentry", "pk": 65, "fields": {"action_time": "2022-08-11T14:00:48.047Z", "user": 1, "content_type": 10, "object_id": "19", "object_repr": "Groundhog Day", "action_flag": 1, "change_message": "[{\"added\": {}}]"}}, {"model": "admin.logentry", "pk": 66, "fields": {"action_time": "2022-08-11T14:04:16.754Z", "user": 1, "content_type": 9, "object_id": "13", "object_repr": "Groundhog Day_ksiuha", "action_flag": 1, "change_message": "[{\"added\": {}}]"}}, {"model": "admin.logentry", "pk": 67, "fields": {"action_time": "2022-08-11T14:30:24.540Z", "user": 1, "content_type": 10, "object_id": "20", "object_repr": "Moscow Does Not Believe in Tears", "action_flag": 1, "change_message": "[{\"added\": {}}]"}}, {"model": "admin.logentry", "pk": 68, "fields": {"action_time": "2022-08-11T14:34:08.144Z", "user": 1, "content_type": 9, "object_id": "14", "object_repr": "Moscow Does Not Believe in Tears_ksiuha", "action_flag": 1, "change_message": "[{\"added\": {}}]"}}, {"model": "admin.logentry", "pk": 69, "fields": {"action_time": "2022-08-11T14:56:09.250Z", "user": 1, "content_type": 9, "object_id": "9", "object_repr": "Martin Eden_ksiuha", "action_flag": 2, "change_message": "[{\"changed\": {\"fields\": [\"text\"]}}]"}}, {"model": "admin.logentry", "pk": 70, "fields": {"action_time": "2022-08-11T16:43:37.749Z", "user": 1, "content_type": 8, "object_id": "20", "object_repr": "Classic Music", "action_flag": 1, "change_message": "[{\"added\": {}}]"}}, {"model": "admin.logentry", "pk": 71, "fields": {"action_time": "2022-08-11T16:43:40.810Z", "user": 1, "content_type": 10, "object_id": "21", "object_repr": "The Sleeping Beauty", "action_flag": 1, "change_message": "[{\"added\": {}}]"}}, {"model": "admin.logentry", "pk": 72, "fields": {"action_time": "2022-08-11T16:46:57.141Z", "user": 1, "content_type": 9, "object_id": "15", "object_repr": "The Sleeping Beauty_ksiuha", "action_flag": 1, "change_message": "[{\"added\": {}}]"}}, {"model": "admin.logentry", "pk": 73, "fields": {"action_time": "2022-08-11T17:17:59.625Z", "user": 1, "content_type": 10, "object_id": "22", "object_repr": "Led Zeppelin IV", "action_flag": 1, "change_message": "[{\"added\": {}}]"}}, {"model": "admin.logentry", "pk": 74, "fields": {"action_time": "2022-08-11T17:19:51.753Z", "user": 1, "content_type": 9, "object_id": "16", "object_repr": "Led Zeppelin IV_ksiuha", "action_flag": 1, "change_message": "[{\"added\": {}}]"}}, {"model": "admin.logentry", "pk": 75, "fields": {"action_time": "2022-08-11T19:42:53.742Z", "user": 1, "content_type": 8, "object_id": "21", "object_repr": "RnB", "action_flag": 1, "change_message": "[{\"added\": {}}]"}}, {"model": "admin.logentry", "pk": 76, "fields": {"action_time": "2022-08-11T19:42:58.541Z", "user": 1, "content_type": 10, "object_id": "23", "object_repr": "I Am... Sasha Fierce", "action_flag": 1, "change_message": "[{\"added\": {}}]"}}, {"model": "admin.logentry", "pk": 77, "fields": {"action_time": "2022-08-11T19:45:53.245Z", "user": 1, "content_type": 9, "object_id": "17", "object_repr": "I Am... Sasha Fierce_ksiuha", "action_flag": 1, "change_message": "[{\"added\": {}}]"}}, {"model": "admin.logentry", "pk": 78, "fields": {"action_time": "2022-08-11T19:49:45.085Z", "user": 1, "content_type": 10, "object_id": "24", "object_repr": "Brand New Day", "action_flag": 1, "change_message": "[{\"added\": {}}]"}}, {"model": "admin.logentry", "pk": 79, "fields": {"action_time": "2022-08-11T19:54:21.187Z", "user": 1, "content_type": 9, "object_id": "18", "object_repr": "Brand New Day_ksiuha", "action_flag": 1, "change_message": "[{\"added\": {}}]"}}, {"model": "admin.logentry", "pk": 80, "fields": {"action_time": "2022-08-11T19:57:16.174Z", "user": 1, "content_type": 10, "object_id": "25", "object_repr": "Let Go", "action_flag": 1, "change_message": "[{\"added\": {}}]"}}, {"model": "admin.logentry", "pk": 81, "fields": {"action_time": "2022-08-11T20:04:57.702Z", "user": 1, "content_type": 9, "object_id": "19", "object_repr": "Let Go_ksiuha", "action_flag": 1, "change_message": "[{\"added\": {}}]"}}, {"model": "admin.logentry", "pk": 82, "fields": {"action_time": "2022-08-11T20:35:47.471Z", "user": 1, "content_type": 10, "object_id": "26", "object_repr": "Among the Waves", "action_flag": 1, "change_message": "[{\"added\": {}}]"}}, {"model": "admin.logentry", "pk": 83, "fields": {"action_time": "2022-08-11T20:36:45.606Z", "user": 1, "content_type": 9, "object_id": "20", "object_repr": "Among the Waves_ksiuha", "action_flag": 1, "change_message": "[{\"added\": {}}]"}}, {"model": "admin.logentry", "pk": 84, "fields": {"action_time": "2022-08-13T18:02:49.882Z", "user": 1, "content_type": 10, "object_id": "22", "object_repr": "Led Zeppelin IV", "action_flag": 2, "change_message": "[{\"changed\": {\"fields\": [\"category\"]}}]"}}, {"model": "admin.logentry", "pk": 85, "fields": {"action_time": "2022-08-13T18:06:43.873Z", "user": 1, "content_type": 9, "object_id": "21", "object_repr": "An American Tragedy_ksiuha", "action_flag": 1, "change_message": "[{\"added\": {}}]"}}, {"model": "admin.logentry", "pk": 86, "fields": {"action_time": "2022-08-13T18:09:06.849Z", "user": 1, "content_type": 9, "object_id": "22", "object_repr": "The Good Soldier \u0160vejk_ksiuha", "action_flag": 1, "change_message": "[{\"added\": {}}]"}}, {"model": "admin.logentry", "pk": 87, "fields": {"action_time": "2022-08-13T18:12:16.292Z", "user": 1, "content_type": 9, "object_id": "23", "object_repr": "War and Peace_ksiuha", "action_flag": 1, "change_message": "[{\"added\": {}}]"}}]