[{"model": "contenttypes.contenttype", "pk": 1, "fields": {"app_label": "admin", "model": "logentry"}}, {"model": "contenttypes.contenttype", "pk": 2, "fields": {"app_label": "auth", "model": "permission"}}, {"model": "contenttypes.contenttype", "pk": 3, "fields": {"app_label": "auth", "model": "group"}}, {"model": "contenttypes.contenttype", "pk": 4, "fields": {"app_label": "contenttypes", "model": "contenttype"}}, {"model": "contenttypes.contenttype", "pk": 5, "fields": {"app_label": "sessions", "model": "session"}}, {"model": "contenttypes.contenttype", "pk": 6, "fields": {"app_label": "reviews", "model": "category"}}, {"model": "contenttypes.contenttype", "pk": 7, "fields": {"app_label": "reviews", "model": "comment"}}, {"model": "contenttypes.contenttype", "pk": 8, "fields": {"app_label": "reviews", "model": "genre"}}, {"model": "contenttypes.contenttype", "pk": 9, "fields": {"app_label": "reviews", "model": "review"}}, {"model": "contenttypes.contenttype", "pk": 10, "fields": {"app_label": "reviews", "model": "title"}}, {"model": "contenttypes.contenttype", "pk": 11, "fields": {"app_label": "users", "model": "user"}}, {"model": "sessions.session", "pk": "zdngp2bmthvl7uigbhdn7x2f1wk2v2sg", "fields": {"session_data": "NGY3ZmIwNDRkOTdkZmRlMzE0Yzg3NTZjODJjMTJlODZkYzM3YTc2ODp7Il9hdXRoX3VzZXJfaWQiOiIxIiwiX2F1dGhfdXNlcl9iYWNrZW5kIjoiZGphbmdvLmNvbnRyaWIuYXV0aC5iYWNrZW5kcy5Nb2RlbEJhY2tlbmQiLCJfYXV0aF91c2VyX2hhc2giOiI2ZDg5M2Q5ZjYyOGI2ZDNmMThmODUwYTExNjU1NDYxZmYyOTNiYWY2In0=", "expire_date": "2022-08-16T21:35:33.139Z"}}, {"model": "reviews.genre", "pk": 1, "fields": {"name": "naturalism", "slug": "naturalism"}}, {"model": "reviews.genre", "pk": 2, "fields": {"name": "novel", "slug": "novel"}}, {"model": "reviews.genre", "pk": 3, "fields": {"name": "comedy", "slug": "comedy"}}, {"model": "reviews.genre", "pk": 4, "fields": {"name": "satirical", "slug": "satirical"}}, {"model": "reviews.genre", "pk": 5, "fields": {"name": "epic", "slug": "epic"}}, {"model": "reviews.genre", "pk": 6, "fields": {"name": "historical", "slug": "historical"}}, {"model": "reviews.genre", "pk": 7, "fields": {"name": "war prose", "slug": "war"}}, {"model": "reviews.genre", "pk": 8, "fields": {"name": "Magic realism", "slug": "magic_realism"}}, {"model": "reviews.genre", "pk": 9, "fields": {"name": "drama", "slug": "drama"}}, {"model": "reviews.genre", "pk": 10, "fields": {"name": "Nu Metal", "slug": "numetal"}}, {"model": "reviews.genre", "pk": 11, "fields": {"name": "Rock", "slug": "rock"}}, {"model": "reviews.genre", "pk": 12, "fields": {"name": "alternative", "slug": "alternative"}}, {"model": "reviews.genre", "pk": 13, "fields": {"name": "Thresh Metal", "slug": "threshmetal"}}, {"model": "reviews.genre", "pk": 14, "fields": {"name": "Heavy Metal", "slug": "heavymetal"}}, {"model": "reviews.genre", "pk": 15, "fields": {"name": "Thriller", "slug": "thriller"}}, {"model": "reviews.genre", "pk": 16, "fields": {"name": "Detective Story", "slug": "detective"}}, {"model": "reviews.category", "pk": 1, "fields": {"name": "Music", "slug": "music"}}, {"model": "reviews.category", "pk": 2, "fields": {"name": "Books", "slug": "books"}}, {"model": "reviews.category", "pk": 3, "fields": {"name": "Movies", "slug": "movies"}}, {"model": "reviews.category", "pk": 4, "fields": {"name": "Series", "slug": "series"}}, {"model": "reviews.category", "pk": 5, "fields": {"name": "Computer games", "slug": "games"}}, {"model": "reviews.category", "pk": 6, "fields": {"name": "Fine Art", "slug": "fineart"}}, {"model": "reviews.title", "pk": 1, "fields": {"name": "An American Tragedy", "year": 1925, "description": "Theodore Dreiser's massive novel An American Tragedy was published in December 1925 in two volumes. Coming in the middle of Dreiser's long career, it was the first novel to earn him fame and wealth, though not the first to be controversial.", "category": 2, "genre": [2, 1]}}, {"model": "reviews.title", "pk": 2, "fields": {"name": "The Good Soldier \u0160vejk", "year": 1923, "description": "The Good Soldier \u0160vejk[a] (pronounced [\u02c8\u0283v\u025bjk]) is an unfinished satirical dark comedy novel by Czech writer Jaroslav Ha\u0161ek, published in 1921\u20131923, about a good-humored, simple-minded, middle-aged man who pretends to be enthusiastic to serve Austria-Hungary in World War I.\r\n\r\nThe Good Soldier \u0160vejk is the abbreviated title; the original Czech title of the work is Osudy dobr\u00e9ho voj\u00e1ka \u0160vejka za sv\u011btov\u00e9 v\u00e1lky, literally The Fateful Adventures of the Good Soldier \u0160vejk During the World War. The book is the most translated novel of Czech literature, having been translated into over 50 languages.", "category": 2, "genre": [4, 3]}}, {"model": "reviews.title", "pk": 3, "fields": {"name": "War and Peace", "year": 1869, "description": "War and Peace (Russian: \u0412\u043e\u0439\u043d\u0430 \u0438 \u043c\u0438\u0440, romanized: Voyna i mir; pre-reform Russian: \u0412\u043e\u0439\u043d\u0430 \u0438 \u043c\u0438\u0440\u044a; [v\u0250j\u02c8na i \u02c8m\u02b2ir]) is a literary work mixed with chapters on history and philosophy by the Russian author Leo Tolstoy. It was first published serially, then published in its entirety in 1869. It is regarded as one of Tolstoy's finest literary achievements and remains an internationally praised classic of world literature.[1][2][3]\r\n\r\nThe novel chronicles the French invasion of Russia and the impact of the Napoleonic era on Tsarist society through the stories of five Russian aristocratic families. Portions of an earlier version, titled The Year 1805,[4] were serialized in The Russian Messenger from 1865 to 1867 before the novel was published in its entirety in 1869.[5]\r\n\r\nTolstoy said that the best Russian literature does not conform to standards and hence hesitated to classify War and Peace, saying it is \"not a novel, even less is it a poem, and still less a historical chronicle\". Large sections, especially the later chapters, are philosophical discussions rather than narrative.[6] He regarded Anna Karenina as his first true novel.", "category": 2, "genre": [6, 5, 2]}}, {"model": "reviews.title", "pk": 4, "fields": {"name": "For Whom the Bell Tolls", "year": 1940, "description": "For Whom the Bell Tolls is a novel by Ernest Hemingway published in 1940. It tells the story of Robert Jordan, a young American volunteer attached to a Republican guerrilla unit during the Spanish Civil War. As a dynamiter, he is assigned to blow up a bridge during an attack on the city of Segovia.\r\n\r\nIt was published just after the end of the Spanish Civil War (1936\u20131939), whose general lines were well known at the time. It assumes the reader knows that the war was between the government of the Second Spanish Republic, which many foreigners went to Spain to help and which was supported by the Communist Soviet Union, and the Nationalist faction, which was supported by Nazi Germany and Fascist Italy. In 1940, the year the book was published, the United States had not yet entered the Second World War, which had begun on September 1, 1939, with Nazi Germany's invasion of Poland.[1]\r\n\r\nThe novel is regarded as one of Hemingway's best works, along with The Sun Also Rises, A Farewell to Arms, and The Old Man and the Sea.[2]", "category": 2, "genre": [7, 2]}}, {"model": "reviews.title", "pk": 5, "fields": {"name": "One Hundred Years of Solitude", "year": 1967, "description": "One Hundred Years of Solitude (Spanish: Cien a\u00f1os de soledad, American Spanish: [sjen \u02c8a\u0272oz \u00f0e sole\u02c8\u00f0a\u00f0]) is a 1967 novel by Colombian author Gabriel Garc\u00eda M\u00e1rquez that tells the multi-generational story of the Buend\u00eda family, whose patriarch, Jos\u00e9 Arcadio Buend\u00eda, founded the (fictitious) town of Macondo. The novel is often cited as one of the supreme achievements in literature.[1][2][3][4]\r\n\r\nThe magical realist style and thematic substance of One Hundred Years of Solitude established it as an important representative novel of the literary Latin American Boom of the 1960s and 1970s,[5] which was stylistically influenced by Modernism (European and North American) and the Cuban Vanguardia (Avant-Garde) literary movement.\r\n\r\nSince it was first published in May 1967 in Buenos Aires by Editorial Sudamericana, One Hundred Years of Solitude has been translated into 46 languages and sold more than 50 million copies.[6][7][8][9] The novel, considered Garc\u00eda M\u00e1rquez's magnum opus, remains widely acclaimed and is recognized as one of the most significant works both in the Hispanic literary canon[10] and in world literature.[1][3]", "category": 2, "genre": [9, 8, 3, 2]}}, {"model": "reviews.title", "pk": 6, "fields": {"name": "Untouchables", "year": 2002, "description": "Untouchables is the fifth studio album by American nu metal band Korn. The album was officially released on June 11, 2002 and featured the Grammy-winning single \"Here to Stay\". Untouchables debuted at number two on the Billboard 200 with 434,000 copies sold during its first week, second only to Eminem's The Eminem Show.[2] The album received positive reviews from music critics.[3] It was certified platinum on July 11, 2002,[4] and has sold at least 1.4 million copies in the United States.[5]", "category": 1, "genre": [12, 11, 10]}}, {"model": "reviews.title", "pk": 7, "fields": {"name": "Ride the Lightning", "year": 1991, "description": "Ride the Lightning is the second album by American thrash metal band Metallica . The album was recorded in Copenhagen in the spring of 1984 and was released on July 27 of that year. The lyrics on this album are mainly about death. The only single that was released is Creeping Death .\r\n\r\nIn the metal scene, this album was the breakthrough for Metallica. The breakthrough to the general public came in 1991 with The Black Album (\"Metallica\").", "category": 1, "genre": [14, 13, 11]}}, {"model": "reviews.title", "pk": 8, "fields": {"name": "Rear Window", "year": 1954, "description": "Rear Window is a 1954 American mystery thriller film directed by Alfred Hitchcock and written by John Michael Hayes based on Cornell Woolrich's 1942 short story \"It Had to Be Murder\". Originally released by Paramount Pictures, the film stars James Stewart, Grace Kelly, Wendell Corey, Thelma Ritter, and Raymond Burr. It was screened at the 1954 Venice Film Festival.\r\n\r\nThe film is considered by many filmgoers, critics, and scholars to be one of Hitchcock's best[4] and one of the greatest films ever made. It received four Academy Award nominations and was ranked number 42 on AFI's 100 Years...100 Movies list and number 48 on the 10th-anniversary edition, and in 1997 was added to the United States National Film Registry in the Library of Congress as being \"culturally, historically, or aesthetically significant\".[5][6]", "category": 3, "genre": [16, 15]}}, {"model": "auth.permission", "pk": 1, "fields": {"name": "Can add log entry", "content_type": 1, "codename": "add_logentry"}}, {"model": "auth.permission", "pk": 2, "fields": {"name": "Can change log entry", "content_type": 1, "codename": "change_logentry"}}, {"model": "auth.permission", "pk": 3, "fields": {"name": "Can delete log entry", "content_type": 1, "codename": "delete_logentry"}}, {"model": "auth.permission", "pk": 4, "fields": {"name": "Can view log entry", "content_type": 1, "codename": "view_logentry"}}, {"model": "auth.permission", "pk": 5, "fields": {"name": "Can add permission", "content_type": 2, "codename": "add_permission"}}, {"model": "auth.permission", "pk": 6, "fields": {"name": "Can change permission", "content_type": 2, "codename": "change_permission"}}, {"model": "auth.permission", "pk": 7, "fields": {"name": "Can delete permission", "content_type": 2, "codename": "delete_permission"}}, {"model": "auth.permission", "pk": 8, "fields": {"name": "Can view permission", "content_type": 2, "codename": "view_permission"}}, {"model": "auth.permission", "pk": 9, "fields": {"name": "Can add group", "content_type": 3, "codename": "add_group"}}, {"model": "auth.permission", "pk": 10, "fields": {"name": "Can change group", "content_type": 3, "codename": "change_group"}}, {"model": "auth.permission", "pk": 11, "fields": {"name": "Can delete group", "content_type": 3, "codename": "delete_group"}}, {"model": "auth.permission", "pk": 12, "fields": {"name": "Can view group", "content_type": 3, "codename": "view_group"}}, {"model": "auth.permission", "pk": 13, "fields": {"name": "Can add content type", "content_type": 4, "codename": "add_contenttype"}}, {"model": "auth.permission", "pk": 14, "fields": {"name": "Can change content type", "content_type": 4, "codename": "change_contenttype"}}, {"model": "auth.permission", "pk": 15, "fields": {"name": "Can delete content type", "content_type": 4, "codename": "delete_contenttype"}}, {"model": "auth.permission", "pk": 16, "fields": {"name": "Can view content type", "content_type": 4, "codename": "view_contenttype"}}, {"model": "auth.permission", "pk": 17, "fields": {"name": "Can add session", "content_type": 5, "codename": "add_session"}}, {"model": "auth.permission", "pk": 18, "fields": {"name": "Can change session", "content_type": 5, "codename": "change_session"}}, {"model": "auth.permission", "pk": 19, "fields": {"name": "Can delete session", "content_type": 5, "codename": "delete_session"}}, {"model": "auth.permission", "pk": 20, "fields": {"name": "Can view session", "content_type": 5, "codename": "view_session"}}, {"model": "auth.permission", "pk": 21, "fields": {"name": "Can add \u041a\u0430\u0442\u0435\u0433\u043e\u0440\u0438\u044f", "content_type": 6, "codename": "add_category"}}, {"model": "auth.permission", "pk": 22, "fields": {"name": "Can change \u041a\u0430\u0442\u0435\u0433\u043e\u0440\u0438\u044f", "content_type": 6, "codename": "change_category"}}, {"model": "auth.permission", "pk": 23, "fields": {"name": "Can delete \u041a\u0430\u0442\u0435\u0433\u043e\u0440\u0438\u044f", "content_type": 6, "codename": "delete_category"}}, {"model": "auth.permission", "pk": 24, "fields": {"name": "Can view \u041a\u0430\u0442\u0435\u0433\u043e\u0440\u0438\u044f", "content_type": 6, "codename": "view_category"}}, {"model": "auth.permission", "pk": 25, "fields": {"name": "Can add \u041a\u043e\u043c\u043c\u0435\u043d\u0442\u0430\u0440\u0438\u0439", "content_type": 7, "codename": "add_comment"}}, {"model": "auth.permission", "pk": 26, "fields": {"name": "Can change \u041a\u043e\u043c\u043c\u0435\u043d\u0442\u0430\u0440\u0438\u0439", "content_type": 7, "codename": "change_comment"}}, {"model": "auth.permission", "pk": 27, "fields": {"name": "Can delete \u041a\u043e\u043c\u043c\u0435\u043d\u0442\u0430\u0440\u0438\u0439", "content_type": 7, "codename": "delete_comment"}}, {"model": "auth.permission", "pk": 28, "fields": {"name": "Can view \u041a\u043e\u043c\u043c\u0435\u043d\u0442\u0430\u0440\u0438\u0439", "content_type": 7, "codename": "view_comment"}}, {"model": "auth.permission", "pk": 29, "fields": {"name": "Can add \u0416\u0430\u043d\u0440", "content_type": 8, "codename": "add_genre"}}, {"model": "auth.permission", "pk": 30, "fields": {"name": "Can change \u0416\u0430\u043d\u0440", "content_type": 8, "codename": "change_genre"}}, {"model": "auth.permission", "pk": 31, "fields": {"name": "Can delete \u0416\u0430\u043d\u0440", "content_type": 8, "codename": "delete_genre"}}, {"model": "auth.permission", "pk": 32, "fields": {"name": "Can view \u0416\u0430\u043d\u0440", "content_type": 8, "codename": "view_genre"}}, {"model": "auth.permission", "pk": 33, "fields": {"name": "Can add \u041e\u0442\u0437\u044b\u0432", "content_type": 9, "codename": "add_review"}}, {"model": "auth.permission", "pk": 34, "fields": {"name": "Can change \u041e\u0442\u0437\u044b\u0432", "content_type": 9, "codename": "change_review"}}, {"model": "auth.permission", "pk": 35, "fields": {"name": "Can delete \u041e\u0442\u0437\u044b\u0432", "content_type": 9, "codename": "delete_review"}}, {"model": "auth.permission", "pk": 36, "fields": {"name": "Can view \u041e\u0442\u0437\u044b\u0432", "content_type": 9, "codename": "view_review"}}, {"model": "auth.permission", "pk": 37, "fields": {"name": "Can add \u041f\u0440\u043e\u0438\u0437\u0432\u0435\u0434\u0435\u043d\u0438\u0435", "content_type": 10, "codename": "add_title"}}, {"model": "auth.permission", "pk": 38, "fields": {"name": "Can change \u041f\u0440\u043e\u0438\u0437\u0432\u0435\u0434\u0435\u043d\u0438\u0435", "content_type": 10, "codename": "change_title"}}, {"model": "auth.permission", "pk": 39, "fields": {"name": "Can delete \u041f\u0440\u043e\u0438\u0437\u0432\u0435\u0434\u0435\u043d\u0438\u0435", "content_type": 10, "codename": "delete_title"}}, {"model": "auth.permission", "pk": 40, "fields": {"name": "Can view \u041f\u0440\u043e\u0438\u0437\u0432\u0435\u0434\u0435\u043d\u0438\u0435", "content_type": 10, "codename": "view_title"}}, {"model": "auth.permission", "pk": 41, "fields": {"name": "Can add user", "content_type": 11, "codename": "add_user"}}, {"model": "auth.permission", "pk": 42, "fields": {"name": "Can change user", "content_type": 11, "codename": "change_user"}}, {"model": "auth.permission", "pk": 43, "fields": {"name": "Can delete user", "content_type": 11, "codename": "delete_user"}}, {"model": "auth.permission", "pk": 44, "fields": {"name": "Can view user", "content_type": 11, "codename": "view_user"}}, {"model": "users.user", "pk": 1, "fields": {"password": "pbkdf2_sha256$150000$9X8RpwGAepVn$g2qa+eQD4WjGpzP3neouqegVVM85PaaoewLc2S5lUPU=", "last_login": "2022-08-02T21:35:33.138Z", "is_superuser": true, "username": "admin", "email": "admin@yamdb.ru", "is_active": true, "is_staff": true, "created_at": "2022-08-02T21:34:06.054Z", "updated_at": "2022-08-02T21:34:06.057Z", "confirmation_code": null, "first_name": null, "last_name": null, "bio": "", "role": "user", "groups": [], "user_permissions": []}}, {"model": "users.user", "pk": 2, "fields": {"password": "Practicum", "last_login": null, "is_superuser": false, "username": "gapa", "email": "gapa@yamdb.ru", "is_active": true, "is_staff": false, "created_at": "2022-08-06T16:06:30.034Z", "updated_at": "2022-08-06T16:06:30.034Z", "confirmation_code": "testcode", "first_name": "Gapochka", "last_name": "Gapaov", "bio": "just a simple gapa, nothing special", "role": "user", "groups": [], "user_permissions": []}}, {"model": "users.user", "pk": 3, "fields": {"password": "practicum", "last_login": null, "is_superuser": false, "username": "deckard", "email": "deckard@yamdb.ru", "is_active": true, "is_staff": false, "created_at": "2022-08-06T16:07:39.699Z", "updated_at": "2022-08-06T16:07:39.699Z", "confirmation_code": "testcode", "first_name": "Deckard", "last_name": "Deckardovski", "bio": "just a simple Deckard", "role": "user", "groups": [], "user_permissions": []}}, {"model": "users.user", "pk": 4, "fields": {"password": "Practicum", "last_login": null, "is_superuser": false, "username": "panda", "email": "panda@yamdb.ru", "is_active": true, "is_staff": false, "created_at": "2022-08-06T16:08:29.261Z", "updated_at": "2022-08-06T16:08:29.261Z", "confirmation_code": "testcode", "first_name": "Pandochka", "last_name": "Pandov", "bio": "just a simple panda", "role": "user", "groups": [], "user_permissions": []}}, {"model": "users.user", "pk": 5, "fields": {"password": "Practicum", "last_login": null, "is_superuser": false, "username": "ksiuha", "email": "ksiuha@ymadb.ru", "is_active": true, "is_staff": false, "created_at": "2022-08-06T16:20:48.133Z", "updated_at": "2022-08-06T16:20:48.133Z", "confirmation_code": "testcode", "first_name": "Ksiuha", "last_name": "Ksiuhina", "bio": "just a simple Ksiuha", "role": "user", "groups": [], "user_permissions": []}}, {"model": "reviews.comment", "pk": 1, "fields": {"author": 2, "pub_date": "2022-08-06T16:14:09.202Z", "review": 1, "text": "I do not fully agree with mister Panda, this time Jonathan Davies sings much better than the previous cd Issues. The songs \"No one there\" and \"Blame\" introduces new limits of JD's vocal which he has never reached before"}}, {"model": "reviews.comment", "pk": 2, "fields": {"author": 4, "pub_date": "2022-08-06T17:59:36.492Z", "review": 3, "text": "Definitely agree! I felt quite the same!"}}, {"model": "reviews.review", "pk": 1, "fields": {"author": 4, "pub_date": "2022-08-06T16:09:52.043Z", "score": 8, "title": 6, "text": "Good Drums and Bass guitar, but the vocal part leave much to be desired. Enjoyed this disk anyway"}}, {"model": "reviews.review", "pk": 2, "fields": {"author": 2, "pub_date": "2022-08-06T17:04:41.430Z", "score": 9, "title": 6, "text": "The best CD of KoRn I've ever herad. The album is a top of all the group work which combines raw expression and drive of first band releases with increased professionalism and overall maturity."}}, {"model": "reviews.review", "pk": 3, "fields": {"author": 5, "pub_date": "2022-08-06T17:58:30.075Z", "score": 9, "title": 8, "text": "The best appearance of Grace Kelly, i've ever seen in movies. That's hard to Imagine that Hitchkok makes suspense and tension just by demonstrating us two persons sitting in their flat, and staring through the window.  Hone hundred per cent worth watching"}}, {"model": "admin.logentry", "pk": 1, "fields": {"action_time": "2022-08-02T21:36:03.457Z", "user": 1, "content_type": 6, "object_id": "1", "object_repr": "Music", "action_flag": 1, "change_message": "[{\"added\": {}}]"}}, {"model": "admin.logentry", "pk": 2, "fields": {"action_time": "2022-08-02T21:36:19.606Z", "user": 1, "content_type": 6, "object_id": "2", "object_repr": "Books", "action_flag": 1, "change_message": "[{\"added\": {}}]"}}, {"model": "admin.logentry", "pk": 3, "fields": {"action_time": "2022-08-02T21:36:31.060Z", "user": 1, "content_type": 6, "object_id": "3", "object_repr": "Movies", "action_flag": 1, "change_message": "[{\"added\": {}}]"}}, {"model": "admin.logentry", "pk": 4, "fields": {"action_time": "2022-08-02T21:36:38.496Z", "user": 1, "content_type": 6, "object_id": "4", "object_repr": "Series", "action_flag": 1, "change_message": "[{\"added\": {}}]"}}, {"model": "admin.logentry", "pk": 5, "fields": {"action_time": "2022-08-02T21:37:16.330Z", "user": 1, "content_type": 6, "object_id": "5", "object_repr": "Computer games", "action_flag": 1, "change_message": "[{\"added\": {}}]"}}, {"model": "admin.logentry", "pk": 6, "fields": {"action_time": "2022-08-02T21:42:00.692Z", "user": 1, "content_type": 8, "object_id": "1", "object_repr": "naturalism", "action_flag": 1, "change_message": "[{\"added\": {}}]"}}, {"model": "admin.logentry", "pk": 7, "fields": {"action_time": "2022-08-02T21:42:08.787Z", "user": 1, "content_type": 8, "object_id": "2", "object_repr": "novel", "action_flag": 1, "change_message": "[{\"added\": {}}]"}}, {"model": "admin.logentry", "pk": 8, "fields": {"action_time": "2022-08-02T21:42:21.400Z", "user": 1, "content_type": 10, "object_id": "1", "object_repr": "An American Tragedy", "action_flag": 1, "change_message": "[{\"added\": {}}]"}}, {"model": "admin.logentry", "pk": 9, "fields": {"action_time": "2022-08-02T21:45:34.408Z", "user": 1, "content_type": 8, "object_id": "3", "object_repr": "comedy", "action_flag": 1, "change_message": "[{\"added\": {}}]"}}, {"model": "admin.logentry", "pk": 10, "fields": {"action_time": "2022-08-02T21:45:45.863Z", "user": 1, "content_type": 8, "object_id": "4", "object_repr": "satirical", "action_flag": 1, "change_message": "[{\"added\": {}}]"}}, {"model": "admin.logentry", "pk": 11, "fields": {"action_time": "2022-08-02T21:45:52.611Z", "user": 1, "content_type": 10, "object_id": "2", "object_repr": "The Good Soldier \u0160vejk", "action_flag": 1, "change_message": "[{\"added\": {}}]"}}, {"model": "admin.logentry", "pk": 12, "fields": {"action_time": "2022-08-02T21:47:17.856Z", "user": 1, "content_type": 8, "object_id": "5", "object_repr": "epic", "action_flag": 1, "change_message": "[{\"added\": {}}]"}}, {"model": "admin.logentry", "pk": 13, "fields": {"action_time": "2022-08-02T21:47:33.515Z", "user": 1, "content_type": 8, "object_id": "6", "object_repr": "historical", "action_flag": 1, "change_message": "[{\"added\": {}}]"}}, {"model": "admin.logentry", "pk": 14, "fields": {"action_time": "2022-08-02T21:47:43.530Z", "user": 1, "content_type": 10, "object_id": "3", "object_repr": "War and Peace", "action_flag": 1, "change_message": "[{\"added\": {}}]"}}, {"model": "admin.logentry", "pk": 15, "fields": {"action_time": "2022-08-02T21:50:17.027Z", "user": 1, "content_type": 8, "object_id": "7", "object_repr": "war prose", "action_flag": 1, "change_message": "[{\"added\": {}}]"}}, {"model": "admin.logentry", "pk": 16, "fields": {"action_time": "2022-08-02T21:50:43.464Z", "user": 1, "content_type": 10, "object_id": "4", "object_repr": "For Whom the Bell Tolls", "action_flag": 1, "change_message": "[{\"added\": {}}]"}}, {"model": "admin.logentry", "pk": 17, "fields": {"action_time": "2022-08-02T21:53:25.474Z", "user": 1, "content_type": 8, "object_id": "8", "object_repr": "Magic realism", "action_flag": 1, "change_message": "[{\"added\": {}}]"}}, {"model": "admin.logentry", "pk": 18, "fields": {"action_time": "2022-08-02T21:53:42.064Z", "user": 1, "content_type": 8, "object_id": "9", "object_repr": "drama", "action_flag": 1, "change_message": "[{\"added\": {}}]"}}, {"model": "admin.logentry", "pk": 19, "fields": {"action_time": "2022-08-02T21:53:50.857Z", "user": 1, "content_type": 10, "object_id": "5", "object_repr": "One Hundred Years of Solitude", "action_flag": 1, "change_message": "[{\"added\": {}}]"}}, {"model": "admin.logentry", "pk": 20, "fields": {"action_time": "2022-08-02T21:55:22.890Z", "user": 1, "content_type": 8, "object_id": "10", "object_repr": "Nu Metal", "action_flag": 1, "change_message": "[{\"added\": {}}]"}}, {"model": "admin.logentry", "pk": 21, "fields": {"action_time": "2022-08-02T21:55:30.347Z", "user": 1, "content_type": 8, "object_id": "11", "object_repr": "Rock", "action_flag": 1, "change_message": "[{\"added\": {}}]"}}, {"model": "admin.logentry", "pk": 22, "fields": {"action_time": "2022-08-02T21:55:38.474Z", "user": 1, "content_type": 8, "object_id": "12", "object_repr": "alternative", "action_flag": 1, "change_message": "[{\"added\": {}}]"}}, {"model": "admin.logentry", "pk": 23, "fields": {"action_time": "2022-08-02T21:55:43.089Z", "user": 1, "content_type": 10, "object_id": "6", "object_repr": "Untouchables", "action_flag": 1, "change_message": "[{\"added\": {}}]"}}, {"model": "admin.logentry", "pk": 24, "fields": {"action_time": "2022-08-02T21:57:43.582Z", "user": 1, "content_type": 8, "object_id": "13", "object_repr": "Thresh Metal", "action_flag": 1, "change_message": "[{\"added\": {}}]"}}, {"model": "admin.logentry", "pk": 25, "fields": {"action_time": "2022-08-02T21:57:58.179Z", "user": 1, "content_type": 8, "object_id": "14", "object_repr": "Heavy Metal", "action_flag": 1, "change_message": "[{\"added\": {}}]"}}, {"model": "admin.logentry", "pk": 26, "fields": {"action_time": "2022-08-02T21:58:09.408Z", "user": 1, "content_type": 10, "object_id": "7", "object_repr": "Ride the Lightning", "action_flag": 1, "change_message": "[{\"added\": {}}]"}}, {"model": "admin.logentry", "pk": 27, "fields": {"action_time": "2022-08-06T16:06:30.042Z", "user": 1, "content_type": 11, "object_id": "2", "object_repr": "gapa", "action_flag": 1, "change_message": "[{\"added\": {}}]"}}, {"model": "admin.logentry", "pk": 28, "fields": {"action_time": "2022-08-06T16:07:39.704Z", "user": 1, "content_type": 11, "object_id": "3", "object_repr": "deckard", "action_flag": 1, "change_message": "[{\"added\": {}}]"}}, {"model": "admin.logentry", "pk": 29, "fields": {"action_time": "2022-08-06T16:08:29.265Z", "user": 1, "content_type": 11, "object_id": "4", "object_repr": "panda", "action_flag": 1, "change_message": "[{\"added\": {}}]"}}, {"model": "admin.logentry", "pk": 30, "fields": {"action_time": "2022-08-06T16:09:52.045Z", "user": 1, "content_type": 9, "object_id": "1", "object_repr": "Review object (1)", "action_flag": 1, "change_message": "[{\"added\": {}}]"}}, {"model": "admin.logentry", "pk": 31, "fields": {"action_time": "2022-08-06T16:14:09.203Z", "user": 1, "content_type": 7, "object_id": "1", "object_repr": "Comment object (1)", "action_flag": 1, "change_message": "[{\"added\": {}}]"}}, {"model": "admin.logentry", "pk": 32, "fields": {"action_time": "2022-08-06T16:20:48.138Z", "user": 1, "content_type": 11, "object_id": "5", "object_repr": "ksiuha", "action_flag": 1, "change_message": "[{\"added\": {}}]"}}, {"model": "admin.logentry", "pk": 33, "fields": {"action_time": "2022-08-06T17:04:41.431Z", "user": 1, "content_type": 9, "object_id": "2", "object_repr": "Review object (2)", "action_flag": 1, "change_message": "[{\"added\": {}}]"}}, {"model": "admin.logentry", "pk": 34, "fields": {"action_time": "2022-08-06T17:53:54.187Z", "user": 1, "content_type": 8, "object_id": "15", "object_repr": "Thriller", "action_flag": 1, "change_message": "[{\"added\": {}}]"}}, {"model": "admin.logentry", "pk": 35, "fields": {"action_time": "2022-08-06T17:54:12.120Z", "user": 1, "content_type": 8, "object_id": "16", "object_repr": "Detective Story", "action_flag": 1, "change_message": "[{\"added\": {}}]"}}, {"model": "admin.logentry", "pk": 36, "fields": {"action_time": "2022-08-06T17:54:27.089Z", "user": 1, "content_type": 10, "object_id": "8", "object_repr": "Rear Window", "action_flag": 1, "change_message": "[{\"added\": {}}]"}}, {"model": "admin.logentry", "pk": 37, "fields": {"action_time": "2022-08-06T17:58:30.075Z", "user": 1, "content_type": 9, "object_id": "3", "object_repr": "Review object (3)", "action_flag": 1, "change_message": "[{\"added\": {}}]"}}, {"model": "admin.logentry", "pk": 38, "fields": {"action_time": "2022-08-06T17:59:36.493Z", "user": 1, "content_type": 7, "object_id": "2", "object_repr": "Comment object (2)", "action_flag": 1, "change_message": "[{\"added\": {}}]"}}, {"model": "admin.logentry", "pk": 39, "fields": {"action_time": "2022-08-06T18:06:21.946Z", "user": 1, "content_type": 6, "object_id": "6", "object_repr": "Fine Art", "action_flag": 1, "change_message": "[{\"added\": {}}]"}}]